first_name,last_name
Daveta,Bowdidge
Darill,Elan
Claudina,Boolsen
Ive,Musterd
Monte,Harling
Byran,Holdron
Kellyann,Aggott
Rycca,Burtwistle
Ardella,Atherley
Meier,Schwandermann
Norine,Colville
Roxi,Lyston
Kalvin,Georgeau
L;urette,Hatchell
Ranna,Mattersley
Bobby,Irnis
Wallace,Trillo
Anabella,Bolwell
Derron,Court
Nikola,Scalia
Emmet,Ragsdale
Valdemar,Balcock
Donavon,Guilloneau
Pooh,Pettit
Alfi,Deinhardt
Eward,Arrigucci
Shelbi,Millichip
Elfrida,Jado
Gerhardt,Hinge
Manya,Genny
Launce,Spykins
Dieter,Niblett
Arlan,Simons
Chiquia,Dignon
Holly,Bootton
Belia,MacCrossan
Fletcher,Kennerley
Zena,Waison
Jasmin,McVittie
Ralf,Bennetto
Berget,Doman
Jorge,Stutely
Tabbatha,Bentote
Beverlee,Bluck
Bendite,Hancill
Renie,Harsnep
Henderson,Auton
Gardie,Reame
Conrado,Jobke
Hakeem,Gascoigne
